normal/A0161202B_20220814_normal_94580.57456_100.png, 0
normal/A0161202B_20220814_normal_94580.57456_200.png, 0
normal/A0170549Y_20220909_normal_32240.6373_100.png, 0
normal/A0170549Y_20220909_normal_32240.6373_200.png, 0
normal/A0170549Y_20220909_normal_42920.46151_100.png, 0
normal/A0170549Y_20220909_normal_42920.46151_200.png, 0
normal/A0170549Y_20220909_normal_42920.46151_30.png, 0
normal/A0170549Y_20220909_normal_43780.73221_100.png, 0
normal/A0170549Y_20220909_normal_43780.73221_200.png, 0
normal/A0170549Y_20220909_normal_43780.73221_30.png, 0
normal/A0170549Y_20220909_normal_44230.62714_100.png, 0
normal/A0170549Y_20220909_normal_44230.62714_200.png, 0
normal/A0170549Y_20220909_normal_44230.62714_30.png, 0
normal/A0170549Y_20220909_normal_47220.70564_30.png, 0
normal/A0170549Y_20220909_normal_57340.73756_100.png, 0
normal/A0170549Y_20220909_normal_57340.73756_200.png, 0
normal/A0170549Y_20220909_normal_57340.73756_30.png, 0
normal/A0190259Y_20220820_normal_10350.41962_100.png, 0
normal/A0190259Y_20220820_normal_10350.41962_200.png, 0
normal/A0190259Y_20220820_normal_10350.41962_30.png, 0
normal/A0190259Y_20220820_normal_10360.29044_100.png, 0
normal/A0190259Y_20220820_normal_10360.29044_200.png, 0
normal/A0190259Y_20220820_normal_10360.29044_30.png, 0
normal/A0190259Y_20220820_normal_10370.061929_100.png, 0
normal/A0190259Y_20220820_normal_10370.061929_200.png, 0
normal/A0190259Y_20220820_normal_10380.73159_100.png, 0
normal/A0190259Y_20220820_normal_10380.73159_200.png, 0
normal/A0190259Y_20220820_normal_10380.73159_30.png, 0
normal/A0190259Y_20220820_normal_10390.74163_100.png, 0
normal/A0190259Y_20220820_normal_10390.74163_200.png, 0
normal/A0190259Y_20220820_normal_10390.74163_30.png, 0
normal/A0190259Y_20220820_normal_10400.2904_100.png, 0
normal/A0190259Y_20220820_normal_10400.2904_200.png, 0
normal/A0190259Y_20220820_normal_10410.47184_100.png, 0
normal/A0190259Y_20220820_normal_10410.47184_200.png, 0
normal/A0190259Y_20220820_normal_10410.47184_30.png, 0
normal/A0192318A_20220903_normal_12120.39842_100.png, 0
normal/A0192318A_20220903_normal_12120.39842_30.png, 0
normal/A0192318A_20220903_normal_12210.30708_100.png, 0
normal/A0192318A_20220903_normal_12210.30708_200.png, 0
normal/A0192318A_20220903_normal_12210.30708_30.png, 0
normal/A0192318A_20220903_normal_12220.61488_100.png, 0
normal/A0192318A_20220903_normal_12220.61488_30.png, 0
normal/A0192318A_20220903_normal_12340.35755_200.png, 0
normal/A0192318A_20220903_normal_12340.35755_30.png, 0
normal/A0192318A_20220903_normal_12360.00078967_100.png, 0
normal/A0192318A_20220903_normal_12360.00078967_30.png, 0
normal/A0192318A_20220903_normal_12900.70936_100.png, 0
normal/A0192318A_20220903_normal_12900.70936_200.png, 0
normal/A0192318A_20220903_normal_12900.70936_30.png, 0
normal/A0194484R_20220903_normal_11110.79004_30.png, 0
normal/A0194484R_20220903_normal_11140.77511_100.png, 0
normal/A0194484R_20220903_normal_11140.77511_30.png, 0
normal/A0194484R_20220903_normal_11150.011238_30.png, 0
normal/A0194513E_20220831_normal_27940.78338_100.png, 0
normal/A0194513E_20220831_normal_27940.78338_200.png, 0
normal/A0194513E_20220831_normal_27940.78338_30.png, 0
normal/A0194513E_20220831_normal_34330.63821_100.png, 0
normal/A0194513E_20220831_normal_34330.63821_30.png, 0
normal/A0194513E_20220831_normal_53200.76502_100.png, 0
normal/A0194513E_20220831_normal_53200.76502_200.png, 0
normal/A0194513E_20220831_normal_53200.76502_30.png, 0
normal/A0194513E_20220831_normal_62560.77491_100.png, 0
normal/A0194513E_20220831_normal_62560.77491_30.png, 0
normal/A0194513E_20220831_normal_90900.20531_100.png, 0
normal/A0194513E_20220831_normal_90900.20531_30.png, 0
normal/A0194554W_20220904_normal_12340.70997_100.png, 0
normal/A0194554W_20220904_normal_12340.70997_200.png, 0
normal/A0194554W_20220904_normal_12350.54363_100.png, 0
normal/A0194554W_20220904_normal_12350.54363_30.png, 0
normal/A0194554W_20220904_normal_12360.60988_100.png, 0
normal/A0194554W_20220904_normal_12360.60988_30.png, 0
normal/A0194554W_20220904_normal_12370.41492_100.png, 0
normal/A0196583M_20220903_normal_00010.47888_100.png, 0
normal/A0196583M_20220903_normal_00020.18779_30.png, 0
normal/A0196583M_20220903_normal_00050.073513_200.png, 0
normal/A0196583M_20220903_normal_00050.073513_30.png, 0
normal/A0196583M_20220903_normal_00060.14788_200.png, 0
normal/A0201185R_20220904_normal_39070.18771_200.png, 0
normal/A0201229U_20220908_normal_00000.65695_30.png, 0
normal/A0201229U_20220908_normal_00010.7759_100.png, 0
normal/A0201229U_20220908_normal_00010.7759_30.png, 0
normal/A0201229U_20220908_normal_00020.39782_100.png, 0
normal/A0201229U_20220908_normal_00030.32289_100.png, 0
normal/A0201229U_20220908_normal_00030.32289_30.png, 0
normal/A0201229U_20220908_normal_00050.34483_100.png, 0
normal/A0201229U_20220908_normal_00060.77572_100.png, 0
normal/A0201229U_20220908_normal_00060.77572_30.png, 0
normal/A0201229U_20220908_normal_00080.20612_100.png, 0
normal/A0201229U_20220908_normal_00080.20612_30.png, 0
normal/A0201229U_20220908_normal_00100.17324_100.png, 0
normal/A0201229U_20220908_normal_00100.17324_30.png, 0
normal/A0201229U_20220908_normal_00110.28306_100.png, 0
normal/A0201229U_20220908_normal_00110.28306_30.png, 0
normal/A0201229U_20220908_normal_00120.28884_100.png, 0
normal/A0201229U_20220908_normal_00120.28884_30.png, 0
normal/A0201229U_20220908_normal_00130.69043_100.png, 0
normal/A0201229U_20220908_normal_00130.69043_30.png, 0
normal/A0201229U_20220908_normal_00140.17382_100.png, 0
normal/A0201229U_20220908_normal_00140.17382_30.png, 0
normal/A0201229U_20220908_normal_00150.16693_100.png, 0
normal/A0201229U_20220908_normal_00150.16693_30.png, 0
normal/A0201229U_20220908_normal_00160.78692_100.png, 0
normal/A0201229U_20220908_normal_00180.72823_100.png, 0
normal/A0201229U_20220908_normal_00180.72823_30.png, 0
normal/A0201229U_20220908_normal_00190.6345_100.png, 0
normal/A0201229U_20220908_normal_00190.6345_30.png, 0
normal/A0201449L_20220903_normal_00010.057548_30.png, 0
normal/A0201449L_20220903_normal_00020.29596_100.png, 0
normal/A0201449L_20220903_normal_00020.29596_200.png, 0
normal/A0201449L_20220903_normal_00040.6539_100.png, 0
normal/A0201449L_20220903_normal_00040.6539_200.png, 0
normal/A0201449L_20220903_normal_00040.6539_30.png, 0
normal/A0201449L_20220903_normal_00060.38368_100.png, 0
normal/A0201449L_20220903_normal_00060.38368_200.png, 0
normal/A0201449L_20220903_normal_00060.38368_30.png, 0
normal/A0201844M_20220904_normal_00010.70115_100.png, 0
normal/A0201844M_20220904_normal_00010.70115_200.png, 0
normal/A0201844M_20220904_normal_00010.70115_30.png, 0
normal/A0201844M_20220904_normal_00020.033539_100.png, 0
normal/A0201844M_20220904_normal_00020.033539_200.png, 0
normal/A0201844M_20220904_normal_00020.033539_30.png, 0
normal/A0201844M_20220904_normal_00040.62839_200.png, 0
normal/A0201844M_20220904_normal_00040.62839_30.png, 0
normal/A0201844M_20220904_normal_00050.19412_100.png, 0
normal/A0201844M_20220904_normal_00050.19412_200.png, 0
normal/A0201844M_20220904_normal_00050.19412_30.png, 0
normal/A0201844M_20220904_normal_00060.13622_100.png, 0
normal/A0201844M_20220904_normal_00060.13622_200.png, 0
normal/A0201875E_20220908_normal_13040.44165_100.png, 0
normal/A0201875E_20220908_normal_13040.44165_30.png, 0
normal/A0201875E_20220908_normal_37740.057156_100.png, 0
normal/A0201875E_20220908_normal_37740.057156_200.png, 0
normal/A0201875E_20220908_normal_37740.057156_30.png, 0
normal/A0201875E_20220908_normal_43480.41904_100.png, 0
normal/A0201875E_20220908_normal_43480.41904_30.png, 0
normal/A0202093U_20220904_normal_12060.0070361_100.png, 0
normal/A0202093U_20220904_normal_12060.0070361_200.png, 0
normal/A0202093U_20220904_normal_12060.0070361_30.png, 0
normal/A0202093U_20220904_normal_26790.052743_100.png, 0
normal/A0202093U_20220904_normal_26790.052743_200.png, 0
normal/A0202093U_20220904_normal_26790.052743_30.png, 0
normal/A0202093U_20220904_normal_34580.1945_100.png, 0
normal/A0202093U_20220904_normal_78940.77738_100.png, 0
normal/A0202093U_20220904_normal_78940.77738_200.png, 0
normal/A0202093U_20220904_normal_78940.77738_30.png, 0
normal/A0204731R_20220904_normal_19520.65247_200.png, 0
normal/A0204731R_20220904_normal_19520.65247_30.png, 0
normal/A0204731R_20220904_normal_29530.062786_100.png, 0
normal/A0204731R_20220904_normal_29530.062786_30.png, 0
normal/A0204731R_20220904_normal_39520.75947_30.png, 0
normal/A0204731R_20220904_normal_49520.53165_100.png, 0
normal/A0204731R_20220904_normal_49520.53165_30.png, 0
normal/A0204731R_20220904_normal_59520.41153_100.png, 0
normal/A0204731R_20220904_normal_59520.41153_30.png, 0
normal/A0204731R_20220904_normal_79520.32741_100.png, 0
normal/A0204731R_20220904_normal_79520.32741_200.png, 0
normal/A0204731R_20220904_normal_79520.32741_30.png, 0
normal/A0204735J_20220828_normal_23450.59997_100.png, 0
normal/A0204735J_20220828_normal_23450.59997_200.png, 0
normal/A0204735J_20220828_normal_23450.59997_30.png, 0
normal/A0204735J_20220828_normal_34560.39451_100.png, 0
normal/A0204735J_20220828_normal_34560.39451_200.png, 0
normal/A0204735J_20220828_normal_34560.39451_30.png, 0
normal/A0204735J_20220828_normal_45670.11518_200.png, 0
normal/A0204735J_20220828_normal_45670.11518_30.png, 0
normal/A0204735J_20220828_normal_56780.59565_100.png, 0
normal/A0204735J_20220828_normal_56780.59565_200.png, 0
normal/A0204735J_20220828_normal_56780.59565_30.png, 0
normal/A0204735J_20220828_normal_67890.40824_100.png, 0
normal/A0204735J_20220828_normal_67890.40824_200.png, 0
normal/A0204735J_20220828_normal_78900.17288_100.png, 0
normal/A0204735J_20220828_normal_78900.17288_200.png, 0
normal/A0204754H_20220903_normal_12340.38628_200.png, 0
normal/A0204754H_20220903_normal_23450.5321_30.png, 0
normal/A0204754H_20220903_normal_34560.10705_30.png, 0
normal/A0204754H_20220903_normal_45670.18643_100.png, 0
normal/A0204754H_20220903_normal_45670.18643_30.png, 0
normal/A0204754H_20220903_normal_67890.43372_100.png, 0
normal/A0204754H_20220903_normal_67890.43372_200.png, 0
normal/A0204754H_20220903_normal_67890.43372_30.png, 0
normal/A0204839Y_20220827_normal_00010.22781_100.png, 0
normal/A0204839Y_20220827_normal_00010.22781_200.png, 0
normal/A0204839Y_20220827_normal_00010.22781_30.png, 0
normal/A0204839Y_20220827_normal_00020.34963_100.png, 0
normal/A0204839Y_20220827_normal_00020.34963_200.png, 0
normal/A0204839Y_20220827_normal_00020.34963_30.png, 0
normal/A0204839Y_20220903_normal_00030.79534_100.png, 0
normal/A0204839Y_20220903_normal_00030.79534_30.png, 0
normal/A0204839Y_20220903_normal_00040.57218_100.png, 0
normal/A0204839Y_20220903_normal_00040.57218_30.png, 0
normal/A0204839Y_20220903_normal_00050.53642_100.png, 0
normal/A0204839Y_20220903_normal_00050.53642_200.png, 0
normal/A0204839Y_20220903_normal_00060.019245_100.png, 0
normal/A0204839Y_20220903_normal_00060.019245_30.png, 0
normal/a0184456w_20220909_normal_00020.11136_100.png, 0
normal/a0184456w_20220909_normal_00020.11136_30.png, 0
normal/a0184456w_20220909_normal_00030.35609_100.png, 0
normal/a0184456w_20220909_normal_00030.35609_200.png, 0
normal/a0184456w_20220909_normal_00040.178_100.png, 0
normal/a0184456w_20220909_normal_00040.178_200.png, 0
normal/a0184456w_20220909_normal_00040.178_30.png, 0
normal/a0184456w_20220909_normal_00050.2537_100.png, 0
normal/a0184456w_20220909_normal_00050.2537_30.png, 0
carrying/0196686_20220904_carrying_25060.44147_100.png, 1
carrying/0196686_20220904_carrying_25070.34331_100.png, 1
carrying/0196686_20220904_carrying_25080.25025_100.png, 1
carrying/0196686_20220904_carrying_25080.25025_200.png, 1
carrying/0196686_20220904_carrying_25080.25025_30.png, 1
carrying/0196686_20220904_carrying_25090.26175_100.png, 1
carrying/0196686_20220904_carrying_25090.26175_200.png, 1
carrying/0196686_20220904_carrying_25090.26175_30.png, 1
carrying/0199122_20220901_carrying_22010.24664_100.png, 1
carrying/0199122_20220901_carrying_22030.20441_100.png, 1
carrying/0199122_20220901_carrying_22030.20441_30.png, 1
carrying/0199122_20220901_carrying_22040.35268_30.png, 1
carrying/0199179_20220831_carrying_26920.14098_100.png, 1
carrying/0199179_20220831_carrying_26920.14098_30.png, 1
carrying/0199179_20220831_carrying_36530.75815_100.png, 1
carrying/0199179_20220831_carrying_36530.75815_30.png, 1
carrying/0199179_20220831_carrying_42140.063612_100.png, 1
carrying/0199179_20220831_carrying_42140.063612_30.png, 1
carrying/0199179_20220831_carrying_53650.40536_100.png, 1
carrying/0199179_20220831_carrying_53650.40536_30.png, 1
carrying/0199179_20220831_carrying_67860.42024_100.png, 1
carrying/0199179_20220831_carrying_67860.42024_30.png, 1
carrying/0199179_20220831_carrying_76370.76845_100.png, 1
carrying/0199179_20220831_carrying_76370.76845_30.png, 1
carrying/0199986_20111010_carrying_00120.19222_200.png, 1
carrying/0199986_20111010_carrying_00120.19222_30.png, 1
carrying/0199986_20111010_carrying_77950.69683_200.png, 1
carrying/0199986_20111010_carrying_77950.69683_30.png, 1
carrying/0199986_20151220_carrying_02310.021299_100.png, 1
carrying/0199986_20151220_carrying_02310.021299_200.png, 1
carrying/0199986_20151220_carrying_02310.021299_30.png, 1
carrying/0199986_20151220_carrying_45980.68564_100.png, 1
carrying/0199986_20151220_carrying_45980.68564_200.png, 1
carrying/0199986_20151220_carrying_45980.68564_30.png, 1
carrying/0199986_20151220_carrying_55260.44997_100.png, 1
carrying/0199986_20151220_carrying_55260.44997_200.png, 1
carrying/0199986_20151220_carrying_55260.44997_30.png, 1
carrying/0200076_20220902_carry_12510.41071_100.png, 1
carrying/0200076_20220902_carry_12510.41071_200.png, 1
carrying/0200076_20220902_carry_12510.41071_30.png, 1
carrying/0200076_20220902_carry_13210.44599_100.png, 1
carrying/0200076_20220902_carry_13210.44599_200.png, 1
carrying/0200076_20220902_carry_13210.44599_30.png, 1
carrying/0200076_20220902_carry_26950.54301_30.png, 1
carrying/0200076_20220902_carry_59620.070157_100.png, 1
carrying/0200076_20220902_carry_59620.070157_30.png, 1
carrying/0200697_20220902_carrying_00000.38415_100.png, 1
carrying/0200697_20220902_carrying_00000.38415_30.png, 1
carrying/0200778_20220904_carrying_25670.094016_200.png, 1
carrying/0200778_20220904_carrying_25670.094016_30.png, 1
carrying/0200778_20220904_carrying_27830.72203_30.png, 1
carrying/0200778_20220904_carrying_63230.034946_100.png, 1
carrying/0200778_20220904_carrying_63230.034946_30.png, 1
carrying/0200869_220904_carrying_09820.22437_100.png, 1
carrying/0200869_220904_carrying_21850.25926_100.png, 1
carrying/0200869_220904_carrying_21850.25926_200.png, 1
carrying/0200869_220904_carrying_21850.25926_30.png, 1
carrying/0200869_220904_carrying_34600.75078_100.png, 1
carrying/0200869_220904_carrying_34600.75078_200.png, 1
carrying/0200869_220904_carrying_58440.66454_200.png, 1
carrying/0200869_220904_carrying_58440.66454_30.png, 1
carrying/0200869_220904_carrying_81210.35648_100.png, 1
carrying/0200869_220904_carrying_81210.35648_200.png, 1
carrying/0200869_220904_carrying_81210.35648_30.png, 1
carrying/0200869_220904_carrying_9696 0.56082_100.png, 1
carrying/0200869_220904_carrying_9696 0.56082_200.png, 1
carrying/0200869_220904_carrying_9696 0.56082_30.png, 1
carrying/0200869_220904_carrying_97550.22759_100.png, 1
carrying/0200869_220904_carrying_97550.22759_200.png, 1
carrying/0200869_220904_carrying_97550.22759_30.png, 1
carrying/0200869_220904_carrying_98370.23689_100.png, 1
carrying/0200869_220904_carrying_98370.23689_30.png, 1
carrying/0201413_20220909_carrying_13370.4971_100.png, 1
carrying/0201413_20220909_carrying_13370.4971_200.png, 1
carrying/0201413_20220909_carrying_13370.4971_30.png, 1
carrying/0201413_20220909_carrying_44420.3285_100.png, 1
carrying/0201413_20220909_carrying_44420.3285_200.png, 1
carrying/0201413_20220909_carrying_44420.3285_30.png, 1
carrying/0201413_20220909_carrying_66990.057281_100.png, 1
carrying/0201413_20220909_carrying_66990.057281_200.png, 1
carrying/0201413_20220909_carrying_66990.057281_30.png, 1
carrying/0201413_20220909_threat_33320.45844_30.png, 1
carrying/0201415_20220904_carrying_11850.50815_100.png, 1
carrying/0201415_20220904_carrying_11850.50815_200.png, 1
carrying/0201415_20220904_carrying_11850.50815_30.png, 1
carrying/0201415_20220904_carrying_47120.05079_100.png, 1
carrying/0201603_20220828_carrying_12790.21182_200.png, 1
carrying/0201603_20220828_carrying_12790.21182_30.png, 1
carrying/A0196583M_20220903_carrying_00040.4095_100.png, 1
carrying/A0196583M_20220903_carrying_00040.4095_30.png, 1
carrying/A0196583M_20220903_carrying_00050.18363_100.png, 1
carrying/A0196583M_20220903_carrying_00050.18363_200.png, 1
carrying/A0196583M_20220903_carrying_00050.18363_30.png, 1
carrying/A0196583M_20220903_carrying_00060.10936_100.png, 1
carrying/A0196583M_20220903_carrying_00060.10936_200.png, 1
carrying/A0196583M_20220903_carrying_00060.10936_30.png, 1
carrying/A0196583M_20220903_carrying_00070.79195_100.png, 1
carrying/A0196583M_20220903_carrying_00070.79195_200.png, 1
carrying/A0196583M_20220903_carrying_00070.79195_30.png, 1
carrying/A0196632X_20220823_carrying_03250.46135_100.png, 1
carrying/A0196632X_20220823_carrying_10140.21591_100.png, 1
carrying/A0196632X_20220823_carrying_10140.21591_200.png, 1
carrying/A0196632X_20220823_carrying_10140.21591_30.png, 1
carrying/A0196632X_20220823_carrying_22310.55845_200.png, 1
carrying/A0196632X_20220823_carrying_22310.55845_30.png, 1
carrying/A0196632X_20220823_carrying_23230.53931_200.png, 1
carrying/A0196632X_20220823_carrying_23230.53931_30.png, 1
carrying/A0196632X_20220823_carrying_72390.66654_100.png, 1
carrying/A0196632X_20220823_carrying_72390.66654_200.png, 1
carrying/A0196632X_20220823_carrying_72390.66654_30.png, 1
carrying/A0197082X_20220904_carrying_15510.4936_100.png, 1
carrying/A0197082X_20220904_carrying_15510.4936_200.png, 1
carrying/A0197082X_20220904_carrying_15510.4936_30.png, 1
carrying/A0197082X_20220904_carrying_19750.45488_100.png, 1
carrying/A0197082X_20220904_carrying_19750.45488_30.png, 1
carrying/A0197082X_20220904_carrying_91010.040925_100.png, 1
carrying/A0197082X_20220904_carrying_91010.040925_30.png, 1
carrying/A0197082X_20220904_carrying_99010.27803_100.png, 1
carrying/A0197082X_20220904_carrying_99010.27803_200.png, 1
carrying/A0197082X_20220904_carrying_99010.27803_30.png, 1
carrying/A0197297H_20220904_carrying_11110.75299_100.png, 1
carrying/A0197297H_20220904_carrying_11110.75299_30.png, 1
carrying/A0197297H_20220904_carrying_11120.7652_100.png, 1
carrying/A0197297H_20220904_carrying_11120.7652_200.png, 1
carrying/A0197297H_20220904_carrying_11120.7652_30.png, 1
carrying/A0197297H_20220904_carrying_11130.62395_100.png, 1
carrying/A0197297H_20220904_carrying_11130.62395_30.png, 1
carrying/A0197297H_20220904_carrying_11140.053016_100.png, 1
carrying/A0197297H_20220904_carrying_11140.053016_200.png, 1
carrying/A0197297H_20220904_carrying_11140.053016_30.png, 1
carrying/A0197297H_20220904_carrying_11150.25276_100.png, 1
carrying/A0197297H_20220904_carrying_11150.25276_30.png, 1
carrying/A0197297H_20220904_carrying_11160.75399_100.png, 1
carrying/A0199420B_20220822_carrying_33670.001286_100.png, 1
carrying/A0199420B_20220822_carrying_86540.2262_100.png, 1
carrying/A0199420B_20220822_carrying_92850.68213_100.png, 1
carrying/A0199420B_20220822_carrying_92850.68213_200.png, 1
carrying/A0199420B_20220822_carrying_92850.68213_30.png, 1
carrying/A0199624N_20220909_carrying_12340.37105_100.png, 1
carrying/A0199624N_20220909_carrying_12340.37105_30.png, 1
carrying/A0199624N_20220909_carrying_23450.12459_100.png, 1
carrying/A0199624N_20220909_carrying_23450.12459_30.png, 1
carrying/A0199624N_20220909_carrying_45670.1649_100.png, 1
carrying/A0199624N_20220909_carrying_45670.1649_200.png, 1
carrying/A0199624N_20220909_carrying_45670.1649_30.png, 1
carrying/A0199624N_20220909_carrying_56780.30189_100.png, 1
carrying/A0199624N_20220909_carrying_56780.30189_200.png, 1
carrying/A0199624N_20220909_carrying_56780.30189_30.png, 1
carrying/A0199624N_20220909_carrying_67890.098761_100.png, 1
carrying/A0199624N_20220909_carrying_67890.098761_200.png, 1
carrying/A0199624N_20220909_carrying_67890.098761_30.png, 1
carrying/A0200503E_20220902_carry_86580.19572_100.png, 1
carrying/A0200503E_20220902_carry_86580.19572_200.png, 1
carrying/A0200503E_20220902_carry_86580.19572_30.png, 1
carrying/A0200503E_20220902_carry_86600.68992_100.png, 1
carrying/A0200503E_20220902_carry_86600.68992_200.png, 1
carrying/A0200503E_20220902_carry_86600.68992_30.png, 1
carrying/A0200503E_20220902_carry_86610.42409_100.png, 1
carrying/A0200503E_20220902_carry_86610.42409_200.png, 1
carrying/A0200503E_20220902_carry_86610.42409_30.png, 1
carrying/A0200668H_20220901_carrying_32670.43555_100.png, 1
carrying/A0200668H_20220901_carrying_32670.43555_200.png, 1
carrying/A0200668H_20220901_carrying_32670.43555_30.png, 1
carrying/A0200668H_20220901_carrying_36040.3519_100.png, 1
carrying/A0200668H_20220901_carrying_36040.3519_200.png, 1
carrying/A0200668H_20220901_carrying_36040.3519_30.png, 1
carrying/A0200668H_20220901_carrying_41190.71672_100.png, 1
carrying/A0200668H_20220901_carrying_41190.71672_200.png, 1
carrying/A0200668H_20220901_carrying_41190.71672_30.png, 1
carrying/A0200668H_20220901_carrying_65130.27416_200.png, 1
carrying/A0200668H_20220901_carrying_65130.27416_30.png, 1
carrying/A0200668H_20220901_carrying_96260.68634_100.png, 1
carrying/A0200668H_20220901_carrying_96260.68634_200.png, 1
carrying/A0200668H_20220901_carrying_96260.68634_30.png, 1
carrying/A0200695H_20220902_carrying_15650.28287_100.png, 1
carrying/A0200695H_20220902_carrying_15650.28287_200.png, 1
carrying/A0200695H_20220902_carrying_15650.28287_30.png, 1
carrying/A0200695H_20220902_carrying_28370.37961_100.png, 1
carrying/A0200695H_20220902_carrying_28370.37961_200.png, 1
carrying/A0200695H_20220902_carrying_28370.37961_30.png, 1
carrying/A0200695H_20220902_carrying_70550.21059_100.png, 1
carrying/A0200695H_20220902_carrying_70550.21059_200.png, 1
carrying/A0200695H_20220902_carrying_70550.21059_30.png, 1
carrying/A0200695H_20220902_carrying_84560.3939_100.png, 1
carrying/A0200695H_20220902_carrying_84560.3939_200.png, 1
carrying/A0200695H_20220902_carrying_84560.3939_30.png, 1
carrying/A0200695H_20220902_carrying_85230.68032_100.png, 1
carrying/A0200695H_20220902_carrying_85230.68032_200.png, 1
carrying/A0200695H_20220902_carrying_85230.68032_30.png, 1
carrying/A0200705X_20220903_carrying_11420.58406_100.png, 1
carrying/A0200705X_20220903_carrying_11420.58406_30.png, 1
carrying/A0201175U_20220910_carrying_19450.47008_100.png, 1
carrying/A0201175U_20220910_carrying_19450.47008_30.png, 1
carrying/A0201175U_20220910_carrying_42060.51093_100.png, 1
carrying/A0201175U_20220910_carrying_42060.51093_200.png, 1
carrying/A0201175U_20220910_carrying_42060.51093_30.png, 1
carrying/A0201175U_20220910_carrying_74580.025532_100.png, 1
carrying/A0201175U_20220910_carrying_74580.025532_200.png, 1
carrying/A0201175U_20220910_carrying_74580.025532_30.png, 1
carrying/A0201185R_20220904_carrying_39010.52126_100.png, 1
carrying/A0201185R_20220904_carrying_39010.52126_30.png, 1
carrying/A0201185R_20220904_carrying_39020.70268_100.png, 1
carrying/A0201185R_20220904_carrying_39020.70268_200.png, 1
carrying/A0201185R_20220904_carrying_39020.70268_30.png, 1
carrying/A0201185R_20220904_carrying_39040.52709_100.png, 1
carrying/A0201185R_20220904_carrying_39040.52709_200.png, 1
carrying/A0201185R_20220904_carrying_39040.52709_30.png, 1
carrying/A0201185R_20220904_carrying_39070.63775_100.png, 1
carrying/A0201185R_20220904_carrying_39070.63775_200.png, 1
carrying/A0201229U_20220908_carrying_00000.14359_30.png, 1
carrying/A0201229U_20220908_carrying_00010.38481_100.png, 1
carrying/A0201229U_20220908_carrying_00030.67257_100.png, 1
carrying/A0201229U_20220908_carrying_00030.67257_30.png, 1
carrying/A0201229U_20220908_carrying_00040.064513_100.png, 1
carrying/A0201229U_20220908_carrying_00040.064513_30.png, 1
carrying/A0201229U_20220908_carrying_00050.0093242_100.png, 1
carrying/A0201229U_20220908_carrying_00050.0093242_30.png, 1
carrying/A0201229U_20220908_carrying_00060.10283_100.png, 1
carrying/A0201229U_20220908_carrying_00060.10283_30.png, 1
carrying/A0201229U_20220908_carrying_00070.51259_100.png, 1
carrying/A0201229U_20220908_carrying_00070.51259_30.png, 1
carrying/A0201229U_20220908_carrying_00090.77457_100.png, 1
carrying/A0201229U_20220908_carrying_00090.77457_30.png, 1
carrying/A0201229U_20220908_carrying_00130.78562_30.png, 1
carrying/A0201229U_20220908_carrying_00140.50225_100.png, 1
carrying/A0201229U_20220908_carrying_00140.50225_30.png, 1
carrying/A0201229U_20220908_carrying_00150.02993_100.png, 1
carrying/A0201229U_20220908_carrying_00150.02993_30.png, 1
carrying/A0201229U_20220908_carrying_00160.16173_100.png, 1
carrying/A0201229U_20220908_carrying_00160.16173_30.png, 1
carrying/A0201229U_20220908_carrying_00180.30565_100.png, 1
carrying/A0201229U_20220908_carrying_00180.30565_30.png, 1
carrying/A0201229U_20220908_carrying_00190.64058_100.png, 1
carrying/A0201229U_20220908_carrying_00190.64058_30.png, 1
carrying/A0201449L_20220903_carrying_00010.74292_100.png, 1
carrying/A0201449L_20220903_carrying_00010.74292_200.png, 1
carrying/A0201449L_20220903_carrying_00010.74292_30.png, 1
carrying/A0201449L_20220903_carrying_00020.71156_100.png, 1
carrying/A0201449L_20220903_carrying_00020.71156_200.png, 1
carrying/A0201449L_20220903_carrying_00020.71156_30.png, 1
carrying/A0201449L_20220903_carrying_00030.36953_100.png, 1
carrying/A0201449L_20220903_carrying_00030.36953_200.png, 1
carrying/A0201449L_20220903_carrying_00030.36953_30.png, 1
carrying/A0201449L_20220903_carrying_00040.52444_100.png, 1
carrying/A0201449L_20220903_carrying_00040.52444_200.png, 1
carrying/A0201449L_20220903_carrying_00040.52444_30.png, 1
carrying/A0201449L_20220903_carrying_00050.79985_100.png, 1
carrying/A0201449L_20220903_carrying_00050.79985_200.png, 1
carrying/A0201449L_20220903_carrying_00050.79985_30.png, 1
carrying/A0201449L_20220903_carrying_00060.72959_100.png, 1
carrying/A0201449L_20220903_carrying_00060.72959_200.png, 1
carrying/A0201449L_20220903_carrying_00070.18792_100.png, 1
carrying/A0201449L_20220903_carrying_00070.18792_200.png, 1
carrying/A0201449L_20220903_carrying_00070.18792_30.png, 1
carrying/A0201844M_20220904_carrying_00020.2475_100.png, 1
carrying/A0201844M_20220904_carrying_00020.2475_30.png, 1
carrying/A0201844M_20220904_carrying_00030.18977_100.png, 1
carrying/A0201844M_20220904_carrying_00030.18977_30.png, 1
carrying/A0201844M_20220904_carrying_00040.74946_30.png, 1
carrying/A0201844M_20220904_carrying_00050.17113_30.png, 1
carrying/A0201844M_20220904_carrying_00060.081089_100.png, 1
carrying/A0201875E_20220908_carry_17680.080165_100.png, 1
carrying/A0201875E_20220908_carry_17680.080165_30.png, 1
carrying/A0201875E_20220908_carry_54510.23028_100.png, 1
carrying/A0201875E_20220908_carry_54510.23028_30.png, 1
carrying/A0202093U_20220904_carrying_44150.63547_100.png, 1
carrying/A0202093U_20220904_carrying_44150.63547_200.png, 1
carrying/A0202093U_20220904_carrying_44150.63547_30.png, 1
carrying/A0202093U_20220904_carrying_46190.54699_100.png, 1
carrying/A0202093U_20220904_carrying_46190.54699_30.png, 1
carrying/A0202093U_20220904_carrying_73190.088828_100.png, 1
carrying/A0202093U_20220904_carrying_73190.088828_200.png, 1
carrying/A0202093U_20220904_carrying_73190.088828_30.png, 1
carrying/A0204731R_20220904_carrying_28050.1552_100.png, 1
carrying/A0204731R_20220904_carrying_28050.1552_200.png, 1
carrying/A0204731R_20220904_carrying_28050.1552_30.png, 1
carrying/A0204731R_20220904_carrying_38050.44489_100.png, 1
carrying/A0204731R_20220904_carrying_38050.44489_200.png, 1
carrying/A0204731R_20220904_carrying_38050.44489_30.png, 1
carrying/A0204731R_20220904_carrying_48050.62314_100.png, 1
carrying/A0204731R_20220904_carrying_48050.62314_30.png, 1
carrying/A0204735J_20220828_carrying_12340.1626_100.png, 1
carrying/A0204735J_20220828_carrying_12340.1626_200.png, 1
carrying/A0204735J_20220828_carrying_12340.1626_30.png, 1
carrying/A0204735J_20220828_carrying_23450.29965_100.png, 1
carrying/A0204735J_20220828_carrying_23450.29965_200.png, 1
carrying/A0204735J_20220828_carrying_23450.29965_30.png, 1
carrying/A0204735J_20220828_carrying_34560.081662_100.png, 1
carrying/A0204735J_20220828_carrying_34560.081662_30.png, 1
carrying/A0204754H_20220903_carrying_45670.50067_100.png, 1
carrying/A0204754H_20220903_carrying_45670.50067_30.png, 1
carrying/A0204754H_20220903_carrying_56780.34746_100.png, 1
carrying/A0204754H_20220903_carrying_56780.34746_200.png, 1
carrying/A0204754H_20220903_carrying_56780.34746_30.png, 1
carrying/A0204754H_20220903_carrying_67890.29606_100.png, 1
carrying/A0204754H_20220903_carrying_67890.29606_30.png, 1
carrying/A0204839Y_20220903_carrying_00030.57454_100.png, 1
carrying/A0204839Y_20220903_carrying_00030.57454_30.png, 1
carrying/A0204839Y_20220903_carrying_00040.61252_100.png, 1
carrying/A0204839Y_20220903_carrying_00040.61252_30.png, 1
carrying/A0204839Y_20220903_carrying_00050.27271_100.png, 1
carrying/A0204839Y_20220903_carrying_00050.27271_200.png, 1
carrying/A0204839Y_20220903_carrying_00050.27271_30.png, 1
carrying/A0204839Y_20220903_carrying_00060.73727_100.png, 1
carrying/A0204839Y_20220903_carrying_00060.73727_30.png, 1
carrying/A0205794X_20220904_carrying_28980.39936_100.png, 1
carrying/A0205794X_20220904_carrying_28980.39936_30.png, 1
carrying/A0205794X_20220904_carrying_34060.70672_30.png, 1
threat/0552261_20220904_threat_67890.47122_200.png, 2
threat/1(Fang Junyuan)0.47953_100.png, 2
threat/1(Fang Junyuan)0.47953_30.png, 2
threat/1054350_20220904_threat_00030.61936_100.png, 2
threat/1054350_20220904_threat_00050.40071_30.png, 2
threat/206420_20220907_threat_00000.32762_100.png, 2
threat/206420_20220907_threat_00000.32762_30.png, 2
threat/206420_20220907_threat_00010.027694_100.png, 2
threat/206420_20220907_threat_02200.69381_100.png, 2
threat/3(Fang Junyuan)0.058964_30.png, 2
threat/3(LEE KANG WEI)0.13202_200.png, 2
threat/3(LEE KANG WEI)0.13202_30.png, 2
threat/5(LEE KANG WEI)0.78514_30.png, 2
threat/6(Fang Junyuan)0.76954_100.png, 2
threat/A0152225R_20220904_threat_00010.6199_100.png, 2
threat/A0152225R_20220904_threat_00010.6199_200.png, 2
threat/A0152225R_20220904_threat_00010.6199_30.png, 2
threat/A0152225R_20220904_threat_00040.24375_100.png, 2
threat/A0152225R_20220904_threat_00040.24375_30.png, 2
threat/A0152225R_20220904_threat_00050.57005_100.png, 2
threat/A0152225R_20220904_threat_00060.77135_100.png, 2
threat/A0161202B_20220814_threat_50450.31029_100.png, 2
threat/A0161202B_20220814_threat_59810.1573_200.png, 2
threat/A0161202B_20220814_threat_59810.1573_30.png, 2
threat/A0161202B_20220814_threat_76470.10604_100.png, 2
threat/A0161202B_20220814_threat_76470.10604_200.png, 2
threat/A0161202B_20220814_threat_97570.58552_100.png, 2
threat/A0161202B_20220814_threat_97570.58552_200.png, 2
threat/A0170549Y_20220909_threat_42230.42488_30.png, 2
threat/A0170549Y_20220909_threat_84810.40852_200.png, 2
threat/A0170549Y_20220909_threat_98540.29326_100.png, 2
threat/A0170549Y_20220909_threat_98540.29326_30.png, 2
threat/A0170549Y_20220909_threat_99230.30498_200.png, 2
threat/A0190259Y_20220820_threat_10340.058978_100.png, 2
threat/A0190259Y_20220820_threat_10350.51903_100.png, 2
threat/A0190259Y_20220820_threat_10360.72896_100.png, 2
threat/A0190259Y_20220820_threat_10370.6507_200.png, 2
threat/A0190259Y_20220820_threat_10380.28659_200.png, 2
threat/A0190259Y_20220820_threat_10380.28659_30.png, 2
threat/A0194484R_20220903_threat_15640.51241_100.png, 2
threat/A0194484R_20220903_threat_15640.51241_30.png, 2
threat/A0194484R_20220903_threat_15650.33827_100.png, 2
threat/A0194484R_20220903_threat_15650.33827_30.png, 2
threat/A0194484R_20220903_threat_15670.063683_100.png, 2
threat/A0194484R_20220903_threat_15670.063683_200.png, 2
threat/A0194484R_20220903_threat_15670.063683_30.png, 2
threat/A0194484R_20220903_threat_15680.3901_200.png, 2
threat/A0194484R_20220903_threat_15700.22995_200.png, 2
threat/A0194513E_20220831_threat_08910.33281_100.png, 2
threat/A0194513E_20220831_threat_08910.33281_200.png, 2
threat/A0194513E_20220831_threat_08910.33281_30.png, 2
threat/A0194513E_20220831_threat_10550.43718_100.png, 2
threat/A0194513E_20220831_threat_10550.43718_30.png, 2
threat/A0194513E_20220831_threat_30900.05287_100.png, 2
threat/A0194513E_20220831_threat_30900.05287_30.png, 2
threat/A0194513E_20220831_threat_33240.74384_100.png, 2
threat/A0194513E_20220831_threat_33240.74384_30.png, 2
threat/A0194513E_20220831_threat_41950.2417_30.png, 2
threat/A0194513E_20220831_threat_66670.46604_100.png, 2
threat/A0194513E_20220831_threat_66670.46604_30.png, 2
threat/A0194554W_20220904_threat_12350.17374_100.png, 2
threat/A0194554W_20220904_threat_12350.17374_30.png, 2
threat/A0194554W_20220904_threat_12360.39796_200.png, 2
threat/A0194554W_20220904_threat_12360.39796_30.png, 2
threat/A0194554W_20220904_threat_12380.11634_100.png, 2
threat/A0194554W_20220904_threat_12380.11634_200.png, 2
threat/A0194554W_20220904_threat_12380.11634_30.png, 2
threat/A0194554W_20220904_threat_12390.72017_100.png, 2
threat/A0194554W_20220904_threat_12390.72017_200.png, 2
threat/A0194554W_20220904_threat_12390.72017_30.png, 2
threat/A0194554W_20220904_threat_12400.67755_200.png, 2
threat/A0194554W_20220904_threat_12400.67755_30.png, 2
threat/A0194554W_20220904_threat_12420.56103_100.png, 2
threat/A0194554W_20220904_threat_12420.56103_30.png, 2
threat/A0196583M_20220903_threat_00040.1628_200.png, 2
threat/A0196583M_20220903_threat_00040.1628_30.png, 2
threat/A0196583M_20220903_threat_00050.71966_100.png, 2
threat/A0196583M_20220903_threat_00050.71966_200.png, 2
threat/A0196583M_20220903_threat_00050.71966_30.png, 2
threat/A0196583M_20220903_threat_00060.58261_100.png, 2
threat/A0196583M_20220903_threat_00060.58261_30.png, 2
threat/A0196632X_20220823_threat_11130.55911_100.png, 2
threat/A0196632X_20220823_threat_11130.55911_30.png, 2
threat/A0196632X_20220823_threat_11910.6258_100.png, 2
threat/A0196632X_20220823_threat_11910.6258_200.png, 2
threat/A0196632X_20220823_threat_12110.62846_100.png, 2
threat/A0196632X_20220823_threat_12110.62846_200.png, 2
threat/A0196632X_20220823_threat_13210.76632_100.png, 2
threat/A0196632X_20220823_threat_13210.76632_200.png, 2
threat/A0196632X_20220823_threat_13210.76632_30.png, 2
threat/A0196632X_20220823_threat_72310.27378_100.png, 2
threat/A0196632X_20220823_threat_72310.27378_200.png, 2
threat/A0197082X_20220904_threat_39730.1049_100.png, 2
threat/A0197082X_20220904_threat_39730.1049_200.png, 2
threat/A0197082X_20220904_threat_39730.1049_30.png, 2
threat/A0197082X_20220904_threat_41100.32844_200.png, 2
threat/A0197082X_20220904_threat_41100.32844_30.png, 2
threat/A0197297H_20220904_threat_11110.088386_30.png, 2
threat/A0197297H_20220904_threat_11120.057182_100.png, 2
threat/A0197297H_20220904_threat_11120.057182_200.png, 2
threat/A0197297H_20220904_threat_11120.057182_30.png, 2
threat/A0197297H_20220904_threat_11130.22966_100.png, 2
threat/A0197297H_20220904_threat_11130.22966_30.png, 2
threat/A0197297H_20220904_threat_11140.50991_100.png, 2
threat/A0197297H_20220904_threat_11140.50991_200.png, 2
threat/A0197297H_20220904_threat_11140.50991_30.png, 2
threat/A0197297H_20220904_threat_11150.62262_100.png, 2
threat/A0197297H_20220904_threat_11150.62262_200.png, 2
threat/A0197297H_20220904_threat_11150.62262_30.png, 2
threat/A0197297H_20220904_threat_11160.44148_100.png, 2
threat/A0197297H_20220904_threat_11160.44148_200.png, 2
threat/A0197297H_20220904_threat_11160.44148_30.png, 2
threat/A0199420B_20220822_threat_24560.65887_100.png, 2
threat/A0199420B_20220822_threat_36260.16718_100.png, 2
threat/A0199420B_20220822_threat_36260.16718_30.png, 2
threat/A0199420B_20220822_threat_66470.30348_100.png, 2
threat/A0199624N_20220909_threat_34560.34297_100.png, 2
threat/A0199624N_20220909_threat_34560.34297_30.png, 2
threat/A0199624N_20220909_threat_45670.49318_100.png, 2
threat/A0199624N_20220909_threat_45670.49318_30.png, 2
threat/A0199624N_20220909_threat_56780.74794_100.png, 2
threat/A0199624N_20220909_threat_56780.74794_200.png, 2
threat/A0199624N_20220909_threat_56780.74794_30.png, 2
threat/A0200503E_20220902_threat_97800.49432_200.png, 2
threat/A0200503E_20220902_threat_97830.25089_200.png, 2
threat/A0200503E_20220902_threat_97830.25089_30.png, 2
threat/A0200503E_20220902_threat_97840.14114_200.png, 2
threat/A0200503E_20220902_threat_97860.78769_100.png, 2
threat/A0200503E_20220902_threat_97860.78769_30.png, 2
threat/A0200668H_20220901_threat_19180.14382_100.png, 2
threat/A0200668H_20220901_threat_19180.14382_30.png, 2
threat/A0200668H_20220901_threat_66100.58587_200.png, 2
threat/A0200668H_20220901_threat_66100.58587_30.png, 2
threat/A0200668H_20220901_threat_72480.29174_100.png, 2
threat/A0200668H_20220901_threat_72480.29174_30.png, 2
threat/A0200668H_20220901_threat_84940.13314_200.png, 2
threat/A0200668H_20220901_threat_96740.14478_100.png, 2
threat/A0200668H_20220901_threat_96740.14478_200.png, 2
threat/A0200668H_20220901_threat_99960.019083_200.png, 2
threat/A0200695H_20220902_threat_27970.30241_100.png, 2
threat/A0200695H_20220902_threat_27970.30241_200.png, 2
threat/A0200695H_20220902_threat_27970.30241_30.png, 2
threat/A0200695H_20220902_threat_34210.57636_100.png, 2
threat/A0200695H_20220902_threat_34210.57636_200.png, 2
threat/A0200695H_20220902_threat_64170.61118_100.png, 2
threat/A0200695H_20220902_threat_64170.61118_200.png, 2
threat/A0200695H_20220902_threat_65600.35443_100.png, 2
threat/A0200695H_20220902_threat_65600.35443_200.png, 2
threat/A0200695H_20220902_threat_65600.35443_30.png, 2
threat/A0200705X_20220904_threat_10900.55731_100.png, 2
threat/A0200705X_20220904_threat_10900.55731_200.png, 2
threat/A0200705X_20220904_threat_10900.55731_30.png, 2
threat/A0200705X_20220904_threat_12740.62065_100.png, 2
threat/A0200705X_20220904_threat_12740.62065_30.png, 2
threat/A0200705X_20220904_threat_16150.075557_100.png, 2
threat/A0200705X_20220904_threat_16150.075557_200.png, 2
threat/A0200705X_20220904_threat_16150.075557_30.png, 2
threat/A0200705X_20220904_threat_42350.26467_30.png, 2
threat/A0201175U_20220910_threat_12340.55764_100.png, 2
threat/A0201175U_20220910_threat_12340.55764_200.png, 2
threat/A0201175U_20220910_threat_12340.55764_30.png, 2
threat/A0201175U_20220910_threat_46830.37431_100.png, 2
threat/A0201175U_20220910_threat_56700.37373_100.png, 2
threat/A0201175U_20220910_threat_69420.16234_100.png, 2
threat/A0201175U_20220910_threat_85420.50174_100.png, 2
threat/A0201175U_20220910_threat_85420.50174_30.png, 2
threat/A0201175U_20220910_threat_93560.081177_30.png, 2
threat/A0201185R_20220904_threat_39010.080663_100.png, 2
threat/A0201185R_20220904_threat_39010.080663_30.png, 2
threat/A0201185R_20220904_threat_39020.61222_100.png, 2
threat/A0201185R_20220904_threat_39020.61222_30.png, 2
threat/A0201185R_20220904_threat_39030.34505_100.png, 2
threat/A0201185R_20220904_threat_39030.34505_30.png, 2
threat/A0201185R_20220904_threat_39040.36019_100.png, 2
threat/A0201185R_20220904_threat_39040.36019_30.png, 2
threat/A0201185R_20220904_threat_39050.51158_100.png, 2
threat/A0201185R_20220904_threat_39050.51158_30.png, 2
threat/A0201229U_20220908_threat_00000.35329_30.png, 2
threat/A0201229U_20220908_threat_00010.32112_100.png, 2
threat/A0201229U_20220908_threat_00030.73178_30.png, 2
threat/A0201229U_20220908_threat_00070.15282_100.png, 2
threat/A0201229U_20220908_threat_00080.23013_30.png, 2
threat/A0201229U_20220908_threat_00100.23939_100.png, 2
threat/A0201229U_20220908_threat_00100.23939_30.png, 2
threat/A0201229U_20220908_threat_00110.08968_30.png, 2
threat/A0201229U_20220908_threat_00120.6699_100.png, 2
threat/A0201229U_20220908_threat_00120.6699_30.png, 2
threat/A0201229U_20220908_threat_00130.64904_100.png, 2
threat/A0201229U_20220908_threat_00130.64904_30.png, 2
threat/A0201229U_20220908_threat_00140.5584_100.png, 2
threat/A0201229U_20220908_threat_00140.5584_30.png, 2
threat/A0201229U_20220908_threat_00150.62823_30.png, 2
threat/A0201229U_20220908_threat_00170.35761_100.png, 2
threat/A0201229U_20220908_threat_00170.35761_30.png, 2
threat/A0201229U_20220908_threat_00190.18509_30.png, 2
threat/A0201449L_20220903_threat_00020.61061_100.png, 2
threat/A0201449L_20220903_threat_00020.61061_200.png, 2
threat/A0201449L_20220903_threat_00020.61061_30.png, 2
threat/A0201449L_20220903_threat_00040.67452_100.png, 2
threat/A0201449L_20220903_threat_00040.67452_200.png, 2
threat/A0201449L_20220903_threat_00040.67452_30.png, 2
threat/A0201449L_20220903_threat_00050.2348_100.png, 2
threat/A0201449L_20220903_threat_00050.2348_200.png, 2
threat/A0201449L_20220903_threat_00050.2348_30.png, 2
threat/A0201449L_20220903_threat_00060.20944_100.png, 2
threat/A0201449L_20220903_threat_00060.20944_30.png, 2
threat/A0201844M_20220904_threat_00010.70112_30.png, 2
threat/a015032m_040922_threat_33440.68441_100.png, 2
threat/a015032m_040922_threat_33460.75155_100.png, 2
threat/a015032m_040922_threat_33470.46029_100.png, 2
threat/a015032m_040922_threat_33480.1744_100.png, 2
threat/a015032m_040922_threat_33480.1744_30.png, 2
threat/a0184456w_20220909_threat_00010.57018_100.png, 2
threat/a0184456w_20220909_threat_00020.72802_100.png, 2
threat/a0184456w_20220909_threat_00020.72802_30.png, 2
threat/a0184456w_20220909_threat_00030.10834_100.png, 2
threat/a0184456w_20220909_threat_00030.10834_200.png, 2
threat/a0184456w_20220909_threat_00040.3837_200.png, 2
threat/a0184456w_20220909_threat_00040.3837_30.png, 2
threat/a0184456w_20220909_threat_00060.30497_30.png, 2
